driverId,driverRef,number,dob,nationality,full_name
1,hamilton,44,07-01-1985,British,Lewis Hamilton
2,heidfeld,,10-05-1977,German,Nick Heidfeld
3,rosberg,6,27-06-1985,German,Nico Rosberg
4,alonso,14,29-07-1981,Spanish,Fernando Alonso
5,kovalainen,,19-10-1981,Finnish,Heikki Kovalainen
6,nakajima,,11-01-1985,Japanese,Kazuki Nakajima
7,bourdais,,28-02-1979,French,Sébastien Bourdais
8,raikkonen,7,17-10-1979,Finnish,Kimi Räikkönen
9,kubica,88,07-12-1984,Polish,Robert Kubica
10,glock,,18-03-1982,German,Timo Glock
11,sato,,28-01-1977,Japanese,Takuma Sato
12,piquet_jr,,25-07-1985,Brazilian,Nelson Piquet Jr.
13,massa,19,25-04-1981,Brazilian,Felipe Massa
14,coulthard,,27-03-1971,British,David Coulthard
15,trulli,,13-07-1974,Italian,Jarno Trulli
16,sutil,99,11-01-1983,German,Adrian Sutil
17,webber,,27-08-1976,Australian,Mark Webber
18,button,22,19-01-1980,British,Jenson Button
19,davidson,,18-04-1979,British,Anthony Davidson
20,vettel,5,03-07-1987,German,Sebastian Vettel
21,fisichella,,14-01-1973,Italian,Giancarlo Fisichella
22,barrichello,,23-05-1972,Brazilian,Rubens Barrichello
23,ralf_schumacher,,30-06-1975,German,Ralf Schumacher
24,liuzzi,,06-08-1980,Italian,Vitantonio Liuzzi
25,wurz,,15-02-1974,Austrian,Alexander Wurz
26,speed,,24-01-1983,American,Scott Speed
27,albers,,16-04-1979,Dutch,Christijan Albers
28,markus_winkelhock,,13-06-1980,German,Markus Winkelhock
29,yamamoto,,09-07-1982,Japanese,Sakon Yamamoto
30,michael_schumacher,,03-01-1969,German,Michael Schumacher
31,montoya,,20-09-1975,Colombian,Juan Pablo Montoya
32,klien,,07-02-1983,Austrian,Christian Klien
33,monteiro,,24-07-1976,Portuguese,Tiago Monteiro
34,ide,,21-01-1975,Japanese,Yuji Ide
35,villeneuve,,09-04-1971,Canadian,Jacques Villeneuve
36,montagny,,05-01-1978,French,Franck Montagny
37,rosa,,24-02-1971,Spanish,Pedro de la Rosa
38,doornbos,,23-09-1981,Dutch,Robert Doornbos
39,karthikeyan,,14-01-1977,Indian,Narain Karthikeyan
40,friesacher,,26-09-1980,Austrian,Patrick Friesacher
41,zonta,,23-03-1976,Brazilian,Ricardo Zonta
42,pizzonia,,11-09-1980,Brazilian,Antônio Pizzonia
43,matta,,19-09-1973,Brazilian,Cristiano da Matta
44,panis,,02-09-1966,French,Olivier Panis
45,pantano,,04-02-1979,Italian,Giorgio Pantano
46,bruni,,30-05-1981,Italian,Gianmaria Bruni
47,baumgartner,,01-01-1981,Hungarian,Zsolt Baumgartner
48,gene,,29-03-1974,Spanish,Marc Gené
49,frentzen,,18-05-1967,German,Heinz-Harald Frentzen
50,verstappen,,04-03-1972,Dutch,Jos Verstappen
51,wilson,,31-07-1978,British,Justin Wilson
52,firman,,20-05-1975,Irish,Ralph Firman
53,kiesa,,03-03-1978,Danish,Nicolas Kiesa
54,burti,,05-03-1975,Brazilian,Luciano Burti
55,alesi,,11-06-1964,French,Jean Alesi
56,irvine,,10-11-1965,British,Eddie Irvine
57,hakkinen,,28-09-1968,Finnish,Mika Häkkinen
58,marques,,19-01-1976,Brazilian,Tarso Marques
59,bernoldi,,19-10-1978,Brazilian,Enrique Bernoldi
60,mazzacane,,08-05-1975,Argentine,Gastón Mazzacane
61,enge,,11-09-1976,Czech,Tomáš Enge
62,yoong,,20-07-1976,Malaysian,Alex Yoong
63,salo,,30-11-1966,Finnish,Mika Salo
64,diniz,,22-05-1970,Brazilian,Pedro Diniz
65,herbert,,25-06-1964,British,Johnny Herbert
66,mcnish,,29-12-1969,British,Allan McNish
67,buemi,,31-10-1988,Swiss,Sébastien Buemi
68,takagi,,12-02-1974,Japanese,Toranosuke Takagi
69,badoer,,25-01-1971,Italian,Luca Badoer
70,zanardi,,23-10-1966,Italian,Alessandro Zanardi
71,damon_hill,,17-09-1960,British,Damon Hill
72,sarrazin,,02-11-1975,French,Stéphane Sarrazin
73,rosset,,27-07-1968,Brazilian,Ricardo Rosset
74,tuero,,22-04-1978,Argentine,Esteban Tuero
75,nakano,,01-04-1971,Japanese,Shinji Nakano
76,magnussen,,04-07-1973,Danish,Jan Magnussen
77,berger,,27-08-1959,Austrian,Gerhard Berger
78,larini,,19-03-1964,Italian,Nicola Larini
79,katayama,,29-05-1963,Japanese,Ukyo Katayama
80,sospiri,,07-10-1966,Italian,Vincenzo Sospiri
81,morbidelli,,13-01-1968,Italian,Gianni Morbidelli
82,fontana,,20-01-1975,Argentine,Norberto Fontana
83,lamy,,20-03-1972,Portuguese,Pedro Lamy
84,brundle,,01-06-1959,British,Martin Brundle
85,montermini,,30-05-1964,Italian,Andrea Montermini
86,lavaggi,,18-02-1958,Italian,Giovanni Lavaggi
87,blundell,,08-04-1966,British,Mark Blundell
88,suzuki,,08-09-1960,Japanese,Aguri Suzuki
89,inoue,,05-09-1963,Japanese,Taki Inoue
90,moreno,,11-02-1959,Brazilian,Roberto Moreno
91,wendlinger,,20-12-1968,Austrian,Karl Wendlinger
92,gachot,,23-12-1962,Belgian,Bertrand Gachot
93,schiattarella,,17-11-1967,Italian,Domenico Schiattarella
94,martini,,23-04-1961,Italian,Pierluigi Martini
95,mansell,,08-08-1953,British,Nigel Mansell
96,boullion,,27-12-1969,French,Jean-Christophe Boullion
97,papis,,03-10-1969,Italian,Massimiliano Papis
98,deletraz,,01-10-1963,Swiss,Jean-Denis Délétraz
99,tarquini,,02-03-1962,Italian,Gabriele Tarquini
100,comas,,28-09-1963,French,Érik Comas
101,brabham,,05-09-1965,Australian,David Brabham
102,senna,,21-03-1960,Brazilian,Ayrton Senna
103,bernard,,24-08-1964,French,Éric Bernard
104,fittipaldi,,18-01-1971,Brazilian,Christian Fittipaldi
105,alboreto,,23-12-1956,Italian,Michele Alboreto
106,beretta,,23-11-1969,Monegasque,Olivier Beretta
107,ratzenberger,,04-07-1960,Austrian,Roland Ratzenberger
108,belmondo,,23-04-1963,French,Paul Belmondo
109,lehto,,31-01-1966,Finnish,Jyrki Järvilehto
110,cesaris,,31-05-1959,Italian,Andrea de Cesaris
111,gounon,,01-01-1963,French,Jean-Marc Gounon
112,alliot,,27-07-1954,French,Philippe Alliot
113,adams,,19-11-1969,Belgian,Philippe Adams
114,dalmas,,28-07-1961,French,Yannick Dalmas
115,noda,,07-03-1969,Japanese,Hideki Noda
116,lagorce,,01-09-1968,French,Franck Lagorce
117,prost,,24-02-1955,French,Alain Prost
118,warwick,,27-08-1954,British,Derek Warwick
119,patrese,,17-04-1954,Italian,Riccardo Patrese
120,barbazza,,02-04-1963,Italian,Fabrizio Barbazza
121,andretti,,05-10-1962,American,Michael Andretti
122,capelli,,24-05-1963,Italian,Ivan Capelli
123,boutsen,,13-07-1957,Belgian,Thierry Boutsen
124,apicella,,07-10-1965,Italian,Marco Apicella
125,naspetti,,24-02-1968,Italian,Emanuele Naspetti
126,toshio_suzuki,,10-03-1955,Japanese,Toshio Suzuki
127,gugelmin,,20-04-1963,Brazilian,Maurício Gugelmin
128,poele,,30-09-1961,Belgian,Eric van de Poele
129,grouillard,,02-09-1958,French,Olivier Grouillard
130,chiesa,,06-05-1964,Swiss,Andrea Chiesa
131,modena,,12-05-1963,Italian,Stefano Modena
132,amati,,20-07-1959,Italian,Giovanna Amati
133,caffi,,18-03-1964,Italian,Alex Caffi
134,bertaggia,,19-09-1964,Italian,Enrico Bertaggia
135,mccarthy,,03-03-1961,British,Perry McCarthy
136,lammers,,02-06-1956,Dutch,Jan Lammers
137,piquet,,17-08-1952,Brazilian,Nelson Piquet
138,satoru_nakajima,,23-02-1953,Japanese,Satoru Nakajima
139,pirro,,12-01-1962,Italian,Emanuele Pirro
140,johansson,,08-09-1956,Swedish,Stefan Johansson
141,bailey,,09-10-1961,British,Julian Bailey
142,chaves,,27-02-1965,Portuguese,Pedro Chaves
143,bartels,,08-03-1968,German,Michael Bartels
144,hattori,,13-06-1966,Japanese,Naoki Hattori
145,nannini,,07-07-1959,Italian,Alessandro Nannini
146,schneider,,20-07-1964,German,Bernd Schneider
147,barilla,,20-04-1961,Italian,Paolo Barilla
148,foitek,,27-03-1965,Swiss,Gregor Foitek
149,langes,,20-07-1960,Italian,Claudio Langes
150,gary_brabham,,29-03-1961,Australian,Gary Brabham
151,donnelly,,26-03-1964,British,Martin Donnelly
152,giacomelli,,10-09-1952,Italian,Bruno Giacomelli
153,alguersuari,,23-03-1990,Spanish,Jaime Alguersuari
154,grosjean,8,17-04-1986,French,Romain Grosjean
155,kobayashi,10,13-09-1986,Japanese,Kamui Kobayashi
156,palmer,,07-11-1956,British,Jonathan Palmer
157,danner,,04-04-1958,German,Christian Danner
158,cheever,,10-01-1958,American,Eddie Cheever
159,sala,,15-05-1959,Spanish,Luis Pérez-Sala
160,ghinzani,,16-01-1952,Italian,Piercarlo Ghinzani
161,weidler,,18-03-1962,German,Volker Weidler
162,raphanel,,27-05-1961,French,Pierre-Henri Raphanel
163,arnoux,,04-07-1948,French,René Arnoux
164,joachim_winkelhock,,24-10-1960,German,Joachim Winkelhock
165,larrauri,,19-08-1954,Argentine,Oscar Larrauri
166,streiff,,26-06-1955,French,Philippe Streiff
167,campos,,17-06-1960,Spanish,Adrián Campos
168,schlesser,,12-09-1948,French,Jean-Louis Schlesser
169,fabre,,09-01-1960,French,Pascal Fabre
170,fabi,,09-03-1955,Italian,Teo Fabi
171,forini,,22-09-1958,Swiss,Franco Forini
172,laffite,,21-11-1943,French,Jacques Laffite
173,angelis,,26-03-1958,Italian,Elio de Angelis
174,dumfries,,26-04-1958,British,Johnny Dumfries
175,tambay,,25-06-1949,French,Patrick Tambay
176,surer,,18-09-1951,Swiss,Marc Surer
177,keke_rosberg,,06-12-1948,Finnish,Keke Rosberg
178,jones,,02-11-1946,Australian,Alan Jones
179,rothengatter,,08-10-1954,Dutch,Huub Rothengatter
180,berg,,01-08-1961,Canadian,Allen Berg
181,manfred_winkelhock,,06-10-1951,German,Manfred Winkelhock
182,lauda,,22-02-1949,Austrian,Niki Lauda
183,hesnault,,30-12-1956,French,François Hesnault
184,baldi,,31-01-1954,Italian,Mauro Baldi
185,bellof,,20-11-1957,German,Stefan Bellof
186,acheson,,27-11-1957,British,Kenny Acheson
187,watson,,04-05-1946,British,John Watson
188,cecotto,,25-01-1956,Venezuelan,Johnny Cecotto
189,gartner,,24-01-1954,Austrian,Jo Gartner
190,corrado_fabi,,12-04-1961,Italian,Corrado Fabi
191,thackwell,,30-03-1961,New Zealander,Mike Thackwell
192,serra,,03-02-1957,Brazilian,Chico Serra
193,sullivan,,09-03-1950,American,Danny Sullivan
194,salazar,,14-11-1954,Chilean,Eliseo Salazar
195,guerrero,,16-11-1958,Colombian,Roberto Guerrero
196,boesel,,04-12-1957,Brazilian,Raul Boesel
197,jarier,,10-07-1946,French,Jean-Pierre Jarier
198,villeneuve_sr,,04-11-1953,Canadian,Jacques Villeneuve Sr.
199,reutemann,,12-04-1942,Argentine,Carlos Reutemann
200,mass,,30-09-1946,German,Jochen Mass
201,borgudd,,25-11-1946,Swedish,Slim Borgudd
202,pironi,,26-03-1952,French,Didier Pironi
203,gilles_villeneuve,,18-01-1950,Canadian,Gilles Villeneuve
204,paletti,,15-06-1958,Italian,Riccardo Paletti
205,henton,,19-09-1946,British,Brian Henton
206,daly,,11-03-1953,Irish,Derek Daly
207,mario_andretti,,28-02-1940,American,Mario Andretti
208,villota,,26-07-1946,Spanish,Emilio de Villota
209,lees,,01-05-1951,British,Geoff Lees
210,byrne,,06-05-1958,Irish,Tommy Byrne
211,keegan,,26-02-1955,British,Rupert Keegan
212,rebaque,,05-02-1956,Mexican,Hector Rebaque
213,gabbiani,,02-01-1957,Italian,Beppe Gabbiani
214,cogan,,31-03-1956,American,Kevin Cogan
215,guerra,,31-08-1953,Argentine,Miguel Ángel Guerra
216,stohr,,10-10-1952,Italian,Siegfried Stohr
217,zunino,,13-04-1949,Argentine,Ricardo Zunino
218,londono,,08-08-1949,Colombian,Ricardo Londoño
219,jabouille,,01-10-1942,French,Jean-Pierre Jabouille
220,francia,,08-11-1947,Italian,Giorgio Francia
221,depailler,,09-08-1944,French,Patrick Depailler
222,scheckter,,29-01-1950,South African,Jody Scheckter
223,regazzoni,,05-09-1939,Swiss,Clay Regazzoni
224,emerson_fittipaldi,,12-12-1946,Brazilian,Emerson Fittipaldi
225,kennedy,,15-01-1953,Irish,Dave Kennedy
226,south,,19-02-1952,British,Stephen South
227,needell,,29-10-1951,British,Tiff Needell
228,desire_wilson,,26-11-1953,South African,Desiré Wilson
229,ertl,,31-08-1948,Austrian,Harald Ertl
230,brambilla,,11-11-1937,Italian,Vittorio Brambilla
231,hunt,,29-08-1947,British,James Hunt
232,merzario,,11-03-1943,Italian,Arturo Merzario
233,stuck,,01-01-1951,German,Hans-Joachim Stuck
234,brancatelli,,18-01-1950,Italian,Gianfranco Brancatelli
235,ickx,,01-01-1945,Belgian,Jacky Ickx
236,gaillard,,12-02-1952,French,Patrick Gaillard
237,ribeiro,,07-11-1948,Brazilian,Alex Ribeiro
238,peterson,,14-02-1944,Swedish,Ronnie Peterson
239,lunger,,14-11-1945,American,Brett Lunger
240,ongais,,21-05-1942,American,Danny Ongais
241,leoni,,24-05-1953,Italian,Lamberto Leoni
242,galica,,13-08-1944,British,Divina Galica
243,stommelen,,11-07-1943,German,Rolf Stommelen
244,colombo,,23-02-1946,Italian,Alberto Colombo
245,trimmer,,24-01-1943,British,Tony Trimmer
246,binder,,12-06-1948,Austrian,Hans Binder
247,bleekemolen,,02-10-1949,Dutch,Michael Bleekemolen
248,gimax,,01-01-1938,Italian,Carlo Franchi
249,rahal,,10-01-1953,American,Bobby Rahal
250,pace,,06-10-1944,Brazilian,Carlos Pace
251,ian_scheckter,,22-08-1947,South African,Ian Scheckter
252,pryce,,11-06-1949,British,Tom Pryce
253,hoffmann,,28-02-1953,Brazilian,Ingo Hoffmann
254,zorzi,,12-12-1946,Italian,Renzo Zorzi
255,nilsson,,20-11-1948,Swedish,Gunnar Nilsson
256,perkins,,18-03-1950,Australian,Larry Perkins
257,hayje,,03-05-1949,Dutch,Boy Lunger
258,neve,,13-10-1949,Belgian,Patrick Nève
259,purley,,26-01-1945,British,David Purley
260,andersson,,28-12-1939,Swedish,Conny Andersson
261,dryver,,19-09-1952,Belgian,Bernard de Dryver
262,oliver,,14-08-1942,British,Jackie Oliver
263,kozarowitzky,,17-05-1948,Finnish,Mikko Kozarowitzky
264,sutcliffe,,09-05-1947,British,Andy Sutcliffe
265,edwards,,30-12-1942,British,Guy Edwards
266,mcguire,,13-12-1945,Australian,Brian McGuire
267,schuppan,,19-03-1943,Australian,Vern Schuppan
268,heyer,,16-03-1943,German,Hans Heyer
269,pilette,,26-07-1942,Belgian,Teddy Pilette
270,ashley,,26-10-1947,British,Ian Ashley
271,kessel,,01-04-1950,Swiss,Loris Kessel
272,takahashi,,29-01-1940,Japanese,Kunimitsu Takahashi
273,hoshino,,01-07-1947,Japanese,Kazuyoshi Hoshino
274,takahara,,06-06-1951,Japanese,Noritake Takahara
275,lombardi,,26-03-1941,Italian,Lella Lombardi
276,evans,,11-06-1947,British,Bob Evans
277,leclere,,18-03-1946,French,Michel Leclère
278,amon,,20-07-1943,New Zealander,Chris Amon
279,zapico,,27-05-1944,Spanish,Emilio Zapico
280,pescarolo,,25-09-1942,French,Henri Pescarolo
281,nelleman,,19-04-1944,Danish,Jac Nelleman
282,magee,,17-11-1945,British,Damien Magee
283,wilds,,07-01-1946,British,Mike Wilds
284,pesenti_rossi,,31-08-1942,Italian,Alessandro Pesenti-Rossi
285,stuppacher,,03-03-1947,Austrian,Otto Stuppacher
286,brown,,24-12-1949,Australian,Warwick Brown
287,hasemi,,13-11-1945,Japanese,Masahiro Hasemi
288,donohue,,18-03-1937,American,Mark Donohue
289,hill,,15-02-1929,British,Graham Hill
290,wilson_fittipaldi,,25-12-1943,Brazilian,Wilson Fittipaldi
291,tunmer,,01-12-1948,South African,Guy Tunmer
292,keizan,,12-09-1944,South African,Eddie Keizan
293,charlton,,27-10-1936,South African,Dave Charlton
294,brise,,28-03-1952,British,Tony Brise
295,wunderink,,12-12-1948,Dutch,Roelof Wunderink
296,migault,,04-12-1944,French,François Migault
297,palm,,23-07-1947,Swedish,Torsten Palm
298,lennep,,16-03-1942,Dutch,Gijs van Lennep
299,fushida,,10-03-1946,Japanese,Hiroshi Fushida
300,nicholson,,06-10-1941,New Zealander,John Nicholson
301,morgan,,07-08-1944,British,Dave Morgan
302,crawford,,13-02-1948,British,Jim Crawford
303,vonlanthen,,31-05-1942,Swiss,Jo Vonlanthen
304,hulme,,18-06-1936,New Zealander,Denny Hulme
305,hailwood,,02-04-1940,British,Mike Hailwood
306,beltoise,,26-04-1937,French,Jean-Pierre Beltoise
307,ganley,,24-12-1941,New Zealander,Howden Ganley
308,robarts,,22-09-1944,British,Richard Robarts
309,revson,,27-02-1939,American,Peter Revson
310,driver,,13-05-1934,South African,Paddy Driver
311,belso,,27-08-1942,Danish,Tom Belsø
312,redman,,09-03-1937,British,Brian Redman
313,opel,,14-10-1947,Liechtensteiner,Rikky von Opel
314,schenken,,26-09-1943,Australian,Tim Schenken
315,larrousse,,23-05-1940,French,Gérard Larrousse
316,kinnunen,,05-08-1943,Finnish,Leo Kinnunen
317,wisell,,30-09-1941,Swedish,Reine Wisell
318,roos,,12-10-1943,Swedish,Bertil Roos
319,dolhem,,26-04-1944,French,José Dolhem
320,gethin,,21-02-1940,British,Peter Gethin
321,bell,,31-10-1941,British,Derek Bell
322,hobbs,,09-06-1939,British,David Hobbs
323,quester,,30-05-1939,Austrian,Dieter Quester
324,koinigg,,03-11-1948,Austrian,Helmuth Koinigg
325,facetti,,26-06-1935,Italian,Carlo Facetti
326,wietzes,,28-05-1938,Canadian,Eppie Wietzes
327,cevert,,25-02-1944,French,François Cevert
328,stewart,,11-06-1939,British,Jackie Stewart
329,beuttler,,13-04-1940,British,Mike Beuttler
330,galli,,02-10-1940,Italian,Nanni Galli
331,bueno,,16-01-1937,Brazilian,Luiz Bueno
332,follmer,,27-01-1934,American,George Follmer
333,adamich,,03-10-1941,Italian,Andrea de Adamich
334,pretorius,,22-11-1934,South African,Jackie Pretorius
335,williamson,,02-02-1948,British,Roger Williamson
336,mcrae,,05-03-1940,New Zealander,Graham McRae
337,marko,,27-04-1943,Austrian,Helmut Marko
338,walker,,10-06-1941,Australian,David Walker
339,roig,,29-10-1932,Spanish,Alex Soler-Roig
340,love,,07-12-1924,Rhodesian,John Love
341,surtees,,11-02-1934,British,John Surtees
342,barber,,16-11-1936,American,Skip Barber
343,brack,,26-12-1935,Canadian,Bill Brack
344,posey,,26-05-1944,American,Sam Posey
345,rodriguez,,18-01-1940,Mexican,Pedro Rodríguez
346,siffert,,07-07-1936,Swiss,Jo Siffert
347,bonnier,,31-01-1930,Swedish,Jo Bonnier
348,mazet,,24-02-1943,French,François Mazet
349,jean,,27-07-1943,French,Max Jean
350,elford,,10-06-1935,British,Vic Elford
351,moser,,24-04-1941,Swiss,Silvio Moser
352,eaton,,12-11-1945,Canadian,George Eaton
353,lovely,,11-04-1926,American,Pete Lovely
354,craft,,17-11-1939,British,Chris Craft
355,Cannoc,,21-06-1933,Canadian,John Cannon
356,jack_brabham,,02-04-1926,Australian,Jack Brabham
357,miles,,14-06-1943,British,John Miles
358,rindt,,18-04-1942,Austrian,Jochen Rindt
359,gavin,,18-01-1942,French,Johnny Servoz-Gavin
360,mclaren,,30-08-1937,New Zealander,Bruce McLaren
361,courage,,27-05-1942,British,Piers Courage
362,klerk,,16-03-1935,South African,Peter de Klerk
363,giunti,,30-08-1941,Italian,Ignazio Giunti
364,gurney,,13-04-1931,American,Dan Gurney
365,hahne,,28-03-1935,German,Hubert Hahne
366,hutchison,,26-04-1937,American,Gus Hutchison
367,westbury,,26-05-1938,British,Peter Westbury
368,tingle,,24-08-1921,Rhodesian,Sam Tingle
369,rooyen,,19-04-1939,South African,Basil van Rooyen
370,attwood,,04-04-1940,British,Richard Attwood
371,pease,,15-10-1921,Canadian,Al Pease
372,cordts,,23-07-1935,Canadian,John Cordts
373,clark,,04-03-1936,British,Jim Clark
374,spence,,30-12-1936,British,Mike Spence
375,scarfiotti,,18-10-1933,Italian,Ludovico Scarfiotti
376,bianchi,,10-11-1934,Belgian,Lucien Bianchi
377,jo_schlesser,,18-05-1928,French,Jo Schlesser
378,widdows,,27-05-1942,British,Robin Widdows
379,ahrens,,19-04-1940,German,Kurt Ahrens
380,gardner,,01-10-1930,Australian,Frank Gardner
381,unser,,20-02-1934,American,Bobby Unser
382,solana,,26-12-1935,Mexican,Moisés Solana
383,anderson,,19-05-1931,British,Bob Anderson
384,botha,,16-01-1930,South African,Luki Botha
385,bandini,,21-12-1935,Italian,Lorenzo Bandini
386,ginther,,05-08-1930,American,Richie Ginther
387,parkes,,24-09-1931,British,Mike Parkes
388,irwin,,27-06-1942,British,Chris Irwin
389,ligier,,12-07-1930,French,Guy Ligier
390,rees,,12-01-1938,British,Alan Rees
391,hart,,07-09-1936,British,Brian Hart
392,fisher,,13-03-1943,American,Mike Fisher
393,tom_jones,,26-04-1943,American,Tom Jones
394,baghetti,,25-12-1934,Italian,Giancarlo Baghetti
395,williams,,26-10-1942,British,Jonathan Williams
396,bondurant,,27-04-1933,American,Bob Bondurant
397,arundell,,08-11-1933,British,Peter Arundell
398,vic_wilson,,14-04-1931,British,Vic Wilson
399,taylor,,23-03-1933,British,John Taylor
400,lawrence,,27-07-1933,British,Chris Lawrence
401,trevor_taylor,,26-12-1936,British,Trevor Taylor
402,geki,,23-10-1937,Italian,Giacomo Russo
403,phil_hill,,20-04-1927,American,Phil Hill
404,ireland,,12-06-1930,British,Innes Ireland
405,bucknum,,05-04-1936,American,Ronnie Bucknum
406,hawkins,,12-10-1937,Australian,Paul Hawkins
407,prophet,,09-10-1937,British,David Prophet
408,maggs,,09-02-1937,South African,Tony Maggs
409,blokdyk,,30-11-1935,South African,Trevor Blokdyk
410,lederle,,25-09-1938,South African,Neville Lederle
411,serrurier,,09-12-1920,South African,Doug Serrurier
412,niemann,,07-01-1939,South African,Brausch Niemann
413,pieterse,,04-07-1938,South African,Ernie Pieterse
414,puzey,,11-07-1941,Rhodesian,Clive Puzey
415,reed,,30-04-1932,South African,Ray Reed
416,clapham,,18-05-1931,South African,David Clapham
417,blignaut,,30-11-1932,South African,Alex Blignaut
418,gregory,,29-02-1932,American,Masten Gregory
419,rhodes,,18-08-1927,British,John Rhodes
420,raby,,22-09-1921,British,Ian Raby
421,rollinson,,15-05-1943,British,Alan Rollinson
422,gubby,,17-04-1934,British,Brian Gubby
423,mitter,,30-08-1935,German,Gerhard Mitter
424,bussinello,,04-10-1927,Italian,Roberto Bussinello
425,vaccarella,,04-03-1933,Italian,Nino Vaccarella
426,bassi,,20-01-1934,Italian,Giorgio Bassi
427,trintignant,,30-10-1917,French,Maurice Trintignant
428,collomb,,07-10-1930,French,Bernard Collomb
429,andre_pilette,,06-10-1918,Belgian,André Pilette
430,beaufort,,10-04-1934,Dutch,Carel Godin de Beaufort
431,barth,,26-01-1917,German,Edgar Barth
432,cabral,,15-01-1934,Portuguese,Mário de Araújo Cabral
433,hansgen,,28-10-1919,American,Walt Hansgen
434,sharp,,01-01-1928,American,Hap Sharp
435,mairesse,,01-10-1928,Belgian,Willy Mairesse
436,campbell-jones,,21-01-1930,British,John Campbell-Jones
437,burgess,,06-07-1930,British,Ian Burgess
438,settember,,10-07-1926,American,Tony Settember
439,estefano,,18-11-1932,Argentine,Nasif Estéfano
440,hall,,23-07-1935,American,Jim Hall
441,parnell,,25-06-1932,British,Tim Parnell
442,kuhnke,,30-04-1910,German,Kurt Kuhnke
443,ernesto_brambilla,,31-01-1934,Italian,Ernesto Brambilla
444,lippi,,17-10-1926,Italian,Roberto Lippi
445,seiffert,,18-10-1937,German,Günther Seiffert
446,abate,,10-07-1932,Italian,Carlo Abate
447,starrabba,,03-12-1932,Italian,Gaetano Starrabba
448,broeker,,15-05-1926,Canadian,Peter Broeker
449,ward,,10-01-1921,American,Rodger Ward
450,vos,,01-07-1941,Dutch,Ernie de Vos
451,dochnal,,08-10-1920,American,Frank Dochnal
452,monarch,,03-09-1945,American,Thomas Monarch
842,gasly,10,07-02-1996,French,Pierre Gasly
453,lewis,,01-11-1936,British,Jackie Lewis
454,ricardo_rodriguez,,14-02-1942,Mexican,Ricardo Rodríguez
455,seidel,,04-07-1926,German,Wolfgang Seidel
456,salvadori,,12-05-1922,British,Roy Salvadori
457,pon,,09-12-1936,Dutch,Ben Pon
458,slotemaker,,13-06-1929,Dutch,Rob Slotemaker
459,marsh,,20-07-1931,British,Tony Marsh
460,ashmore,,25-07-1936,British,Gerry Ashmore
461,schiller,,25-01-1930,Swiss,Heinz Schiller
462,davis,,29-07-1933,British,Colin Davis
463,chamberlain,,29-12-1925,American,Jay Chamberlain
464,shelly,,02-02-1937,New Zealander,Tony Shelly
465,greene,,05-01-1938,British,Keith Greene
466,walter,,28-07-1927,Swiss,Heini Walter
467,prinoth,,15-04-1923,Italian,Ernesto Prinoth
468,penske,,20-02-1937,American,Roger Penske
469,schroeder,,11-05-1926,British,Rob Schroeder
470,mayer,,22-02-1938,American,Timmy Mayer
471,johnstone,,30-01-1937,South African,Bruce Johnstone
472,harris,,25-05-1939,South African,Mike Harris
473,hocking,,30-09-1937,Rhodesian,Gary Hocking
474,vyver,,01-06-1920,South African,Syd van der Vyver
475,moss,,17-09-1929,British,Stirling Moss
476,trips,,04-05-1928,German,Wolfgang von Trips
477,allison,,08-02-1932,British,Cliff Allison
478,herrmann,,23-02-1928,German,Hans Herrmann
479,brooks,,25-02-1932,British,Tony Brooks
480,may,,18-08-1934,Swiss,Michael May
481,henry_taylor,,16-12-1932,British,Henry Taylor
482,gendebien,,12-01-1924,Belgian,Olivier Gendebien
483,scarlatti,,02-10-1921,Italian,Giorgio Scarlatti
484,naylor,,24-03-1923,British,Brian Naylor
485,bordeu,,28-01-1934,Argentine,Juan Manuel Bordeu
486,fairman,,15-03-1913,British,Jack Fairman
487,natili,,28-07-1935,Italian,Massimo Natili
488,monteverdi,,07-06-1934,Swiss,Peter Monteverdi
489,pirocchi,,26-03-1933,Italian,Renato Pirocchi
490,duke,,29-03-1923,British,Geoff Duke
491,thiele,,05-04-1920,American-Italian,Alfonso Thiele
492,boffa,,04-01-1930,Italian,Menato Boffa
493,ryan,,10-06-1940,Canadian,Peter Ryan
494,ruby,,12-01-1928,American,Lloyd Ruby
495,ken_miles,,01-11-1918,British,Ken Miles
496,menditeguy,,10-08-1914,Argentine,Carlos Menditeguy
497,larreta,,14-01-1934,Argentine,Alberto Rodriguez Larreta
498,gonzalez,,05-10-1922,Argentine,José Froilán González
499,bonomi,,30-09-1919,Argentine,Roberto Bonomi
500,munaron,,02-04-1928,Italian,Gino Munaron
501,schell,,29-06-1921,American,Harry Schell
502,stacey,,29-08-1933,British,Alan Stacey
503,chimeri,,04-06-1921,Venezuelan,Ettore Chimeri
504,creus,,28-10-1924,Spanish,Antonio Creus
505,bristow,,02-12-1937,British,Chris Bristow
506,halford,,18-05-1931,British,Bruce Halford
507,daigh,,29-11-1923,American,Chuck Daigh
508,reventlow,,24-02-1936,American,Lance Reventlow
509,rathmann,,16-07-1928,American,Jim Rathmann
510,goldsmith,,02-10-1925,American,Paul Goldsmith
511,branson,,02-06-1920,American,Don Branson
512,thomson,,09-04-1922,American,Johnny Thomson
513,johnson,,10-02-1919,American,Eddie Johnson
514,veith,,01-11-1926,American,Bob Veith
515,tingelstad,,04-04-1928,American,Bud Tingelstad
516,christie,,04-04-1924,American,Bob Christie
517,amick,,19-01-1929,American,Red Amick
518,darter,,05-05-1913,American,Duane Carter
519,homeier,,31-08-1918,American,Bill Homeier
520,hartley,,28-01-1926,American,Gene Hartley
521,stevenson,,15-10-1919,American,Chuck Stevenson
522,grim,,04-09-1924,American,Bobby Grim
523,templeman,,12-08-1919,American,Shorty Templeman
524,hurtubise,,05-12-1932,American,Jim Hurtubise
525,bryan,,28-01-1926,American,Jimmy Bryan
526,ruttman,,11-03-1930,American,Troy Ruttman
527,sachs,,28-05-1927,American,Eddie Sachs
528,freeland,,25-03-1925,American,Don Freeland
529,bettenhausen,,12-09-1916,American,Tony Bettenhausen
530,weiler,,09-12-1934,American,Wayne Weiler
531,foyt,,16-01-1935,American,Anthony Foyt
532,russo,,19-11-1925,American,Eddie Russo
533,boyd,,19-08-1926,American,Johnny Boyd
534,force,,15-06-1916,American,Gene Force
535,mcwithey,,04-07-1927,American,Jim McWithey
536,sutton,,09-08-1925,American,Len Sutton
537,dick_rathmann,,06-01-1924,American,Dick Rathmann
538,herman,,15-03-1927,American,Al Herman
539,dempsey_wilson,,11-03-1927,American,Dempsey Wilson
540,mike_taylor,,24-04-1934,British,Mike Taylor
541,flockhart,,16-06-1923,British,Ron Flockhart
542,piper,,02-12-1930,British,David Piper
543,cabianca,,19-02-1923,Italian,Giulio Cabianca
544,drogo,,08-08-1926,Italian,Piero Drogo
545,gamble,,17-03-1932,American,Fred Gamble
546,owen,,23-03-1915,British,Arthur Owen
547,gould,,20-09-1918,British,Horace Gould
548,drake,,14-12-1919,American,Bob Drake
549,bueb,,06-06-1923,British,Ivor Bueb
550,Changy,,05-02-1922,Belgian,Alain de Changy
551,filippis,,11-11-1926,Italian,Maria de Filippis
552,lucienbonnet,,07-01-1923,French,Jean Lucienbonnet
553,testut,,13-04-1926,Monegasque,André Testut
554,behra,,16-02-1921,French,Jean Behra
555,paul_russo,,10-04-1914,American,Paul Russo
556,daywalt,,28-08-1924,American,Jimmy Daywalt
557,arnold,,30-05-1926,American,Chuck Arnold
558,keller,,11-04-1920,American,Al Keller
559,flaherty,,06-01-1926,American,Pat Flaherty
560,cheesbourg,,12-06-1927,American,Bill Cheesbourg
561,ray_crawford,,26-10-1915,American,Ray Crawford
562,turner,,12-02-1920,American,Jack Turner
563,weyant,,03-04-1923,American,Chuck Weyant
564,larson,,21-01-1923,American,Jud Larson
565,magill,,08-02-1920,American,Mike Magill
566,shelby,,11-01-1923,American,Carroll Shelby
567,orey,,25-03-1938,Brazilian,Fritz d'Orey
568,fontes,,26-12-1922,Uruguayan,Azdrubal Fontes
569,ashdown,,16-10-1934,British,Peter Ashdown
570,bill_moss,,04-09-1933,British,Bill Moss
571,dennis_taylor,,12-06-1921,British,Dennis Taylor
572,blanchard,,13-06-1929,American,Harry Blanchard
573,tomaso,,10-07-1928,Argentine-Italian,Alessandro de Tomaso
574,constantine,,22-02-1918,American,George Constantine
575,said,,05-05-1932,American,Bob Said
576,cade,,12-06-1916,American,Phil Cade
577,musso,,28-07-1924,Italian,Luigi Musso
578,hawthorn,,10-04-1929,British,Mike Hawthorn
579,fangio,,24-06-1911,Argentine,Juan Fangio
580,godia,,21-03-1921,Spanish,Paco Godia
581,collins,,06-11-1931,British,Peter Collins
582,kavanagh,,12-12-1923,Australian,Ken Kavanagh
583,gerini,,10-08-1928,Italian,Gerino Gerini
584,kessler,,23-03-1936,American,Bruce Kessler
585,emery,,12-11-1916,British,Paul Emery
586,piotti,,27-10-1913,Italian,Luigi Piotti
587,ecclestone,,28-10-1930,British,Bernie Ecclestone
588,taramazzo,,05-05-1932,Italian,Luigi Taramazzo
589,chiron,,03-08-1899,Monegasque,Louis Chiron
590,lewis-evans,,20-04-1930,British,Stuart Lewis-Evans
591,george_amick,,24-10-1924,American,George Amick
592,reece,,17-11-1929,American,Jimmy Reece
593,parsons,,04-07-1918,American,Johnnie Parsons
594,tolan,,22-10-1917,American,Johnnie Tolan
595,garrett,,24-04-1933,American,Billy Garrett
596,elisian,,09-12-1926,American,Ed Elisian
597,connor,,09-10-1928,American,Pat O'Connor
598,jerry_unser,,15-11-1932,American,Jerry Unser
599,bisch,,10-11-1926,American,Art Bisch
600,goethals,,04-08-1928,Belgian,Christian Goethals
601,gibson,,16-04-1918,British,Dick Gibson
602,la_caze,,26-02-1917,French,Robert La Caze
603,guelfi,,06-05-1919,French,André Guelfi
604,picard,,26-04-1921,French,François Picard
605,bridger,,24-06-1934,British,Tom Bridger
606,portago,,11-10-1928,Spanish,Alfonso de Portago
607,perdisa,,21-10-1932,Italian,Cesare Perdisa
608,castellotti,,10-10-1930,Italian,Eugenio Castellotti
609,simon,,05-01-1920,French,André Simon
610,leston,,16-12-1920,British,Les Leston
611,hanks,,13-07-1914,American,Sam Hanks
612,linden,,05-04-1922,American,Andy Linden
613,teague,,22-02-1921,American,Marshall Teague
614,edmunds,,23-09-1930,American,Don Edmunds
615,agabashian,,21-08-1913,American,Fred Agabashian
616,george,,15-07-1928,American,Elmer George
617,macdowel,,13-09-1932,British,Mike MacDowel
618,mackay-fraser,,23-06-1927,American,Herbert MacKay-Fraser
619,gerard,,19-01-1914,British,Bob Gerard
620,maglioli,,05-06-1928,Italian,Umberto Maglioli
621,england,,28-03-1929,Australian,Paul England
622,landi,,14-07-1907,Brazilian,Chico Landi
623,uria,,11-07-1924,Uruguayan,Alberto Uria
624,ramos,,07-12-1925,Brazilian,Hernando da Silva Ramos
625,bayol,,28-02-1914,French,Élie Bayol
626,manzon,,12-04-1917,French,Robert Manzon
627,rosier,,05-11-1905,French,Louis Rosier
628,sweikert,,20-05-1926,American,Bob Sweikert
629,griffith,,06-02-1916,American,Cliff Griffith
630,dinsmore,,10-04-1913,American,Duke Dinsmore
631,andrews,,15-06-1920,American,Keith Andrews
632,frere,,30-01-1917,Belgian,Paul Frère
633,villoresi,,16-05-1909,Italian,Luigi Villoresi
634,scotti,,11-11-1909,Italian,Piero Scotti
635,chapman,,19-05-1928,British,Colin Chapman
636,titterington,,01-05-1928,British,Desmond Titterington
637,scott_Brown,,13-05-1927,British,Archie Scott Brown
638,volonterio,,07-12-1917,Swiss,Ottorino Volonterio
639,milhoux,,09-12-1928,Belgian,André Milhoux
640,graffenried,,18-05-1914,Swiss,Toulo de Graffenried
641,taruffi,,12-10-1906,Italian,Piero Taruffi
642,farina,,30-10-1906,Italian,Nino Farina
643,mieres,,03-12-1924,Argentine,Roberto Mieres
644,mantovani,,22-05-1929,Italian,Sergio Mantovani
645,bucci,,04-09-1920,Argentine,Clemar Bucci
646,iglesias,,22-02-1922,Argentine,Jesús Iglesias
647,ascari,,13-07-1918,Italian,Alberto Ascari
648,kling,,16-09-1910,German,Karl Kling
649,birger,,07-01-1924,Argentine,Pablo Birger
650,pollet,,02-07-1922,French,Jacques Pollet
651,macklin,,02-09-1919,British,Lance Macklin
652,whiteaway,,01-11-1928,British,Ted Whiteaway
653,davies,,08-08-1929,American,Jimmy Davies
654,faulkner,,16-02-1920,American,Walt Faulkner
655,niday,,29-04-1914,American,Cal Niday
656,cross,,24-01-1918,American,Art Cross
657,vukovich,,13-12-1918,American,Bill Vukovich
658,mcgrath,,08-10-1919,American,Jack McGrath
659,hoyt,,29-01-1929,American,Jerry Hoyt
660,claes,,11-08-1916,Belgian,Johnny Claes
661,peter_walker,,07-10-1912,British,Peter Walker
662,sparken,,16-06-1930,French,Mike Sparken
663,wharton,,21-03-1916,British,Ken Wharton
664,mcalpine,,21-09-1920,British,Kenneth McAlpine
665,marr,,14-08-1922,British,Leslie Marr
666,rolt,,16-10-1918,British,Tony Rolt
667,fitch,,04-08-1917,American,John Fitch
668,lucas,,25-04-1917,French,Jean Lucas
669,bira,,15-07-1914,Thai,Prince Bira
670,marimon,,19-12-1923,Argentine,Onofre Marimón
671,loyer,,05-08-1907,French,Roger Loyer
672,daponte,,05-06-1923,Argentine,Jorge Daponte
673,nazaruk,,02-10-1921,American,Mike Nazaruk
674,crockett,,23-10-1926,American,Larry Crockett
675,ayulo,,20-10-1921,American,Manny Ayulo
676,armi,,12-10-1918,American,Frank Armi
677,webb,,08-10-1910,American,Travis Webb
678,duncan,,25-07-1911,American,Len Duncan
679,mccoy,,19-02-1921,American,Ernie McCoy
680,swaters,,30-10-1926,American,Jacques Swaters
681,georges_berger,,14-09-1918,Belgian,Georges Berger
682,beauman,,26-07-1928,British,Don Beauman
683,thorne,,23-06-1916,British,Leslie Thorne
684,whitehouse,,01-04-1909,British,Bill Whitehouse
685,riseley_prichard,,17-01-1924,British,John Riseley-Prichard
686,reg_parnell,,02-07-1911,British,Reg Parnell
687,whitehead,,12-11-1914,British,Peter Whitehead
688,brandon,,18-07-1920,British,Eric Brandon
689,alan_brown,,20-11-1919,British,Alan Brown
690,nuckey,,26-06-1929,British,Rodney Nuckey
691,lang,,06-04-1909,German,Hermann Lang
692,helfrich,,13-05-1913,German,Theo Helfrich
693,wacker,,10-07-1918,American,Fred Wacker
694,riu,,10-03-1925,Italian,Giovanni de Riu
695,galvez,,17-08-1913,Argentine,Oscar Gálvez
696,john_barber,,22-07-1929,British,John Barber
697,bonetto,,09-06-1903,Italian,Felice Bonetto
698,cruz,,28-06-1923,Argentine,Adolfo Cruz
699,nalon,,02-03-1913,American,Duke Nalon
700,scarborough,,03-07-1914,American,Carl Scarborough
701,holland,,18-12-1907,American,Bill Holland
702,bob_scott,,04-10-1928,American,Bob Scott
703,legat,,01-11-1898,Belgian,Arthur Legat
704,cabantous,,08-10-1904,French,Yves Cabantous
705,crook,,16-02-1920,British,Tony Crook
706,jimmy_stewart,,06-03-1931,British,Jimmy Stewart
707,ian_stewart,,15-07-1929,British,Ian Stewart
708,duncan_hamilton,,30-04-1920,British,Duncan Hamilton
709,klodwig,,23-05-1903,East German,Ernst Klodwig
710,krause,,30-03-1907,East German,Rudolf Krause
711,karch,,06-03-1917,German,Oswald Karch
712,heeks,,13-02-1922,German,Willi Heeks
713,fitzau,,10-02-1923,East German,Theo Fitzau
714,adolff,,05-11-1921,German,Kurt Adolff
715,bechem,,21-12-1921,German,Günther Bechem
716,bauer,,17-07-1912,German,Erwin Bauer
717,hans_stuck,,27-12-1900,German,Hans von Stuck
718,loof,,04-07-1907,German,Ernst Loof
719,scherrer,,28-02-1908,Swiss,Albert Scherrer
720,terra,,06-10-1918,Swiss,Max de Terra
721,hirt,,30-03-1910,Swiss,Peter Hirt
722,carini,,06-03-1921,Italian,Piero Carini
723,fischer,,19-04-1912,Swiss,Rudi Fischer
724,ulmen,,25-01-1906,German,Toni Ulmen
725,abecassis,,21-03-1913,British,George Abecassis
726,george_connor,,16-08-1906,American,George Connor
727,rigsby,,06-06-1923,American,Jim Rigsby
728,james,,23-05-1925,American,Joe James
729,schindler,,06-03-1909,American,Bill Schindler
730,fonder,,22-06-1917,American,George Fonder
731,banks,,14-06-1913,American,Henry Banks
732,mcdowell,,29-01-1915,American,Johnny McDowell
733,miller,,19-07-1902,American,Chet Miller
734,ball,,26-08-1925,American,Bobby Ball
735,tornaco,,07-06-1927,Belgian,Charles de Tornaco
736,laurent,,21-02-1913,Belgian,Roger Laurent
737,obrien,,11-04-1908,American,Robert O'Brien
738,gaze,,03-02-1920,Australian,Tony Gaze
739,charrington,,23-06-1915,British,Robin Montgomerie-Charrington
740,comotti,,24-07-1906,Italian,Franco Comotti
741,etancelin,,28-12-1896,French,Philippe Étancelin
742,poore,,19-08-1916,British,Dennis Poore
743,thompson,,04-11-1919,British,Eric Thompson
744,downing,,05-12-1917,British,Ken Downing
745,graham_whitehead,,15-04-1922,British,Graham Whitehead
746,bianco,,22-07-1916,Brazilian,Gino Bianco
747,murray,,28-12-1909,British,David Murray
748,cantoni,,04-10-1906,Uruguayan,Eitel Cantoni
749,aston,,29-03-1900,British,Bill Aston
750,brudes,,15-10-1899,German,Adolf Brudes
751,riess,,11-07-1922,German,Fritz Riess
752,niedermayr,,29-11-1915,German,Helmut Niedermayr
753,klenk,,28-10-1919,German,Hans Klenk
754,balsa,,01-01-1909,French,Marcel Balsa
755,schoeller,,27-04-1902,Swiss,Rudolf Schoeller
756,pietsch,,20-06-1911,German,Paul Pietsch
757,peters,,16-09-1914,German,Josef Peters
758,lof,,23-08-1919,Dutch,Dries van der Lof
759,flinterman,,02-10-1919,Dutch,Jan Flinterman
760,dusio,,13-10-1899,Italian,Piero Dusio
761,crespo,,16-01-1920,Argentine,Alberto Crespo
762,rol,,05-06-1908,Italian,Franco Rol
763,sanesi,,28-03-1911,Italian,Consalvo Sanesi
764,guy_mairesse,,10-08-1910,French,Guy Mairesse
765,louveau,,25-01-1910,French,Henri Louveau
766,wallard,,07-09-1910,American,Lee Wallard
767,forberg,,04-03-1911,American,Carl Forberg
768,rose,,26-05-1906,American,Mauri Rose
769,mackey,,15-12-1927,American,Bill Mackey
770,green,,30-09-1919,American,Cecil Green
771,walt_brown,,30-12-1911,American,Walt Brown
772,hellings,,14-09-1915,American,Mack Hellings
773,levegh,,22-12-1905,French,Pierre Levegh
774,chaboud,,12-04-1907,French,Eugène Chaboud
775,gordini,,20-05-1921,French,Aldo Gordini
776,kelly,,13-03-1913,Irish,Joe Kelly
777,parker,,22-09-1907,British,Philip Fotheringham-Parker
778,shawe_taylor,,28-01-1915,British,Brian Shawe Taylor
779,john_james,,10-05-1914,British,John James
780,branca,,15-09-1916,Swiss,Toni Branca
781,richardson,,21-08-1911,British,Ken Richardson
782,jover,,23-11-1903,Spanish,Juan Jover
783,grignard,,25-07-1905,French,Georges Grignard
784,hampshire,,29-12-1917,British,David Hampshire
785,crossley,,11-05-1921,British,Geoff Crossley
786,fagioli,,09-06-1898,Italian,Luigi Fagioli
787,harrison,,06-07-1906,British,Cuth Harrison
788,fry,,26-10-1915,British,Joe Fry
789,martin,,24-03-1915,French,Eugène Martin
790,leslie_johnson,,22-03-1912,British,Leslie Johnson
791,biondetti,,18-08-1898,Italian,Clemente Biondetti
792,pian,,21-10-1912,Argentine,Alfredo Pián
793,sommer,,31-08-1906,French,Raymond Sommer
794,chitwood,,14-04-1912,American,Joie Chitwood
795,fohr,,17-06-1912,American,Myron Fohr
796,ader,,15-12-1913,American,Walt Ader
797,holmes,,04-09-1920,American,Jackie Holmes
798,levrett,,14-02-1914,American,Bayliss Levrett
799,jackson,,25-07-1910,American,Jimmy Jackson
800,pagani,,11-10-1911,Italian,Nello Pagani
801,pozzi,,27-08-1909,French,Charles Pozzi
802,serafini,,22-07-1909,Italian,Dorino Serafini
803,cantrell,,31-01-1908,American,Bill Cantrell
804,mantz,,18-09-1918,American,Johnny Mantz
805,kladis,,10-02-1917,American,Danny Kladis
806,oscar_gonzalez,,10-11-1923,Uruguayan,Óscar González
807,hulkenberg,27,19-08-1987,German,Nico Hülkenberg
808,petrov,,08-09-1984,Russian,Vitaly Petrov
810,grassi,,11-08-1984,Brazilian,Lucas di Grassi
811,bruno_senna,,15-10-1983,Brazilian,Bruno Senna
812,chandhok,,19-01-1984,Indian,Karun Chandhok
813,maldonado,13,09-03-1985,Venezuelan,Pastor Maldonado
814,resta,40,16-04-1986,British,Paul di Resta
815,perez,11,26-01-1990,Mexican,Sergio Pérez
816,ambrosio,,27-12-1985,Belgian,Jérôme d'Ambrosio
817,ricciardo,3,01-07-1989,Australian,Daniel Ricciardo
818,vergne,25,25-04-1990,French,Jean-Éric Vergne
819,pic,,15-02-1990,French,Charles Pic
820,chilton,4,21-04-1991,British,Max Chilton
821,gutierrez,21,05-08-1991,Mexican,Esteban Gutiérrez
822,bottas,77,28-08-1989,Finnish,Valtteri Bottas
823,garde,,25-04-1985,Dutch,Giedo van der Garde
824,jules_bianchi,17,03-08-1989,French,Jules Bianchi
825,kevin_magnussen,20,05-10-1992,Danish,Kevin Magnussen
826,kvyat,26,26-04-1994,Russian,Daniil Kvyat
827,lotterer,45,19-11-1981,German,André Lotterer
828,ericsson,9,02-09-1990,Swedish,Marcus Ericsson
829,stevens,28,28-06-1991,British,Will Stevens
830,max_verstappen,33,30-09-1997,Dutch,Max Verstappen
831,nasr,12,21-08-1992,Brazilian,Felipe Nasr
832,sainz,55,01-09-1994,Spanish,Carlos Sainz
833,merhi,98,22-03-1991,Spanish,Roberto Merhi
834,rossi,53,25-09-1991,American,Alexander Rossi
835,jolyon_palmer,30,20-01-1991,British,Jolyon Palmer
836,wehrlein,94,18-10-1994,German,Pascal Wehrlein
837,haryanto,88,22-01-1993,Indonesian,Rio Haryanto
838,vandoorne,2,26-03-1992,Belgian,Stoffel Vandoorne
839,ocon,31,17-09-1996,French,Esteban Ocon
840,stroll,18,29-10-1998,Canadian,Lance Stroll
841,giovinazzi,99,14-12-1993,Italian,Antonio Giovinazzi
843,brendon_hartley,28,10-11-1989,New Zealander,Brendon Hartley
844,leclerc,16,16-10-1997,Monegasque,Charles Leclerc
845,sirotkin,35,27-08-1995,Russian,Sergey Sirotkin
846,norris,4,13-11-1999,British,Lando Norris
847,russell,63,15-02-1998,British,George Russell
848,albon,23,23-03-1996,Thai,Alexander Albon
849,latifi,6,29-06-1995,Canadian,Nicholas Latifi
850,pietro_fittipaldi,51,25-06-1996,Brazilian,Pietro Fittipaldi
851,aitken,89,23-09-1995,British,Jack Aitken
852,tsunoda,22,11-05-2000,Japanese,Yuki Tsunoda
853,mazepin,9,02-03-1999,Russian,Nikita Mazepin
854,mick_schumacher,47,22-03-1999,German,Mick Schumacher
855,zhou,24,30-05-1999,Chinese,Guanyu Zhou
856,de_vries,21,06-02-1995,Dutch,Nyck de Vries
857,piastri,81,06-04-2001,Australian,Oscar Piastri
858,sargeant,2,31-12-2000,American,Logan Sargeant
859,lawson,30,11-02-2002,New Zealander,Liam Lawson
860,bearman,38,08-05-2005,British,Oliver Bearman
861,colapinto,43,27-05-2003,Argentinian ,Franco Colapinto
862,doohan,61,20-01-2003,Australian,Jack Doohan
